{
  "auth": {
    "user_pool_id": "sa-east-1_wPch0YBrW",
    "aws_region": "sa-east-1",
    "user_pool_client_id": "2gn11hm790f6l282ggup2jelkv",
    "identity_pool_id": "sa-east-1:2eaf0bd4-72a7-462e-b9e6-abdec4e0d887",
    "mfa_methods": [],
    "standard_required_attributes": [
      "email"
    ],
    "username_attributes": [
      "email"
    ],
    "user_verification_types": [
      "email"
    ],
    "groups": [],
    "mfa_configuration": "NONE",
    "password_policy": {
      "min_length": 8,
      "require_lowercase": true,
      "require_numbers": true,
      "require_symbols": true,
      "require_uppercase": true
    },
    "oauth": {
      "identity_providers": [
        "GOOGLE"
      ],
      "redirect_sign_in_uri": [
        "http://localhost:5500/",
        "https://main.d3rhcvo6ldzarf.amplifyapp.com/"
      ],
      "redirect_sign_out_uri": [
        "http://localhost:5500/",
        "https://main.d3rhcvo6ldzarf.amplifyapp.com/"
      ],
      "response_type": "code",
      "scopes": [
        "phone",
        "email",
        "openid",
        "profile",
        "aws.cognito.signin.user.admin"
      ],
      "domain": "2eb0ea8067ca6d554c2b.auth.sa-east-1.amazoncognito.com"
    },
    "unauthenticated_identities_enabled": true
  },
  "data": {
    "url": "https://twsd7li3n5dg7m2jsbnsyiyh3m.appsync-api.sa-east-1.amazonaws.com/graphql",
    "aws_region": "sa-east-1",
    "api_key": "da2-5cfwechqgbho3o3qybz7zksswe",
    "default_authorization_type": "API_KEY",
    "authorization_types": [
      "AMAZON_COGNITO_USER_POOLS",
      "AWS_IAM"
    ],
    "model_introspection": {
      "version": 1,
      "models": {
        "PogoEvent": {
          "name": "PogoEvent",
          "fields": {
            "id": {
              "name": "id",
              "isArray": false,
              "type": "ID",
              "isRequired": true,
              "attributes": []
            },
            "name": {
              "name": "name",
              "isArray": false,
              "type": "String",
              "isRequired": true,
              "attributes": []
            },
            "type": {
              "name": "type",
              "isArray": false,
              "type": "String",
              "isRequired": false,
              "attributes": []
            },
            "start": {
              "name": "start",
              "isArray": false,
              "type": "AWSDateTime",
              "isRequired": false,
              "attributes": []
            },
            "end": {
              "name": "end",
              "isArray": false,
              "type": "AWSDateTime",
              "isRequired": false,
              "attributes": []
            },
            "location": {
              "name": "location",
              "isArray": false,
              "type": "String",
              "isRequired": false,
              "attributes": []
            },
            "cover": {
              "name": "cover",
              "isArray": false,
              "type": "String",
              "isRequired": false,
              "attributes": []
            },
            "research": {
              "name": "research",
              "isArray": false,
              "type": "String",
              "isRequired": false,
              "attributes": []
            },
            "eggTitle": {
              "name": "eggTitle",
              "isArray": false,
              "type": "String",
              "isRequired": false,
              "attributes": []
            },
            "eggDesc": {
              "name": "eggDesc",
              "isArray": false,
              "type": "String",
              "isRequired": false,
              "attributes": []
            },
            "bonuses": {
              "name": "bonuses",
              "isArray": true,
              "type": "String",
              "isRequired": false,
              "attributes": [],
              "isArrayNullable": true
            },
            "images": {
              "name": "images",
              "isArray": true,
              "type": "String",
              "isRequired": false,
              "attributes": [],
              "isArrayNullable": true
            },
            "payment": {
              "name": "payment",
              "isArray": false,
              "type": {
                "nonModel": "PogoEventPayment"
              },
              "isRequired": false,
              "attributes": []
            },
            "featured": {
              "name": "featured",
              "isArray": false,
              "type": {
                "nonModel": "PogoEventFeatured"
              },
              "isRequired": false,
              "attributes": []
            },
            "paidResearch": {
              "name": "paidResearch",
              "isArray": false,
              "type": {
                "nonModel": "PogoEventPaidResearch"
              },
              "isRequired": false,
              "attributes": []
            },
            "spawnCategories": {
              "name": "spawnCategories",
              "isArray": false,
              "type": "AWSJSON",
              "isRequired": false,
              "attributes": []
            },
            "attacks": {
              "name": "attacks",
              "isArray": false,
              "type": "AWSJSON",
              "isRequired": false,
              "attributes": []
            },
            "raidsList": {
              "name": "raidsList",
              "isArray": false,
              "type": "AWSJSON",
              "isRequired": false,
              "attributes": []
            },
            "customTexts": {
              "name": "customTexts",
              "isArray": false,
              "type": "AWSJSON",
              "isRequired": false,
              "attributes": []
            },
            "eggs": {
              "name": "eggs",
              "isArray": false,
              "type": "AWSJSON",
              "isRequired": false,
              "attributes": []
            },
            "createdAt": {
              "name": "createdAt",
              "isArray": false,
              "type": "AWSDateTime",
              "isRequired": false,
              "attributes": [],
              "isReadOnly": true
            },
            "updatedAt": {
              "name": "updatedAt",
              "isArray": false,
              "type": "AWSDateTime",
              "isRequired": false,
              "attributes": [],
              "isReadOnly": true
            }
          },
          "syncable": true,
          "pluralName": "PogoEvents",
          "attributes": [
            {
              "type": "model",
              "properties": {}
            },
            {
              "type": "auth",
              "properties": {
                "rules": [
                  {
                    "allow": "public",
                    "provider": "apiKey",
                    "operations": [
                      "create",
                      "update",
                      "delete",
                      "read"
                    ]
                  }
                ]
              }
            }
          ],
          "primaryKeyInfo": {
            "isCustomPrimaryKey": false,
            "primaryKeyFieldName": "id",
            "sortKeyFieldNames": []
          }
        },
        "UserEventProgress": {
          "name": "UserEventProgress",
          "fields": {
            "id": {
              "name": "id",
              "isArray": false,
              "type": "ID",
              "isRequired": true,
              "attributes": []
            },
            "eventId": {
              "name": "eventId",
              "isArray": false,
              "type": "String",
              "isRequired": true,
              "attributes": []
            },
            "progressData": {
              "name": "progressData",
              "isArray": false,
              "type": "AWSJSON",
              "isRequired": false,
              "attributes": []
            },
            "createdAt": {
              "name": "createdAt",
              "isArray": false,
              "type": "AWSDateTime",
              "isRequired": false,
              "attributes": [],
              "isReadOnly": true
            },
            "updatedAt": {
              "name": "updatedAt",
              "isArray": false,
              "type": "AWSDateTime",
              "isRequired": false,
              "attributes": [],
              "isReadOnly": true
            }
          },
          "syncable": true,
          "pluralName": "UserEventProgresses",
          "attributes": [
            {
              "type": "model",
              "properties": {}
            },
            {
              "type": "auth",
              "properties": {
                "rules": [
                  {
                    "provider": "userPools",
                    "ownerField": "owner",
                    "allow": "owner",
                    "identityClaim": "cognito:username",
                    "operations": [
                      "create",
                      "update",
                      "delete",
                      "read"
                    ]
                  },
                  {
                    "allow": "public",
                    "provider": "apiKey",
                    "operations": [
                      "create",
                      "update",
                      "delete",
                      "read"
                    ]
                  }
                ]
              }
            }
          ],
          "primaryKeyInfo": {
            "isCustomPrimaryKey": false,
            "primaryKeyFieldName": "id",
            "sortKeyFieldNames": []
          }
        },
        "UserPokedex": {
          "name": "UserPokedex",
          "fields": {
            "id": {
              "name": "id",
              "isArray": false,
              "type": "ID",
              "isRequired": true,
              "attributes": []
            },
            "progressData": {
              "name": "progressData",
              "isArray": false,
              "type": "AWSJSON",
              "isRequired": false,
              "attributes": []
            },
            "createdAt": {
              "name": "createdAt",
              "isArray": false,
              "type": "AWSDateTime",
              "isRequired": false,
              "attributes": [],
              "isReadOnly": true
            },
            "updatedAt": {
              "name": "updatedAt",
              "isArray": false,
              "type": "AWSDateTime",
              "isRequired": false,
              "attributes": [],
              "isReadOnly": true
            }
          },
          "syncable": true,
          "pluralName": "UserPokedexes",
          "attributes": [
            {
              "type": "model",
              "properties": {}
            },
            {
              "type": "auth",
              "properties": {
                "rules": [
                  {
                    "provider": "userPools",
                    "ownerField": "owner",
                    "allow": "owner",
                    "identityClaim": "cognito:username",
                    "operations": [
                      "create",
                      "update",
                      "delete",
                      "read"
                    ]
                  },
                  {
                    "allow": "public",
                    "provider": "apiKey",
                    "operations": [
                      "create",
                      "update",
                      "delete",
                      "read"
                    ]
                  }
                ]
              }
            }
          ],
          "primaryKeyInfo": {
            "isCustomPrimaryKey": false,
            "primaryKeyFieldName": "id",
            "sortKeyFieldNames": []
          }
        },
        "Pokemon": {
          "name": "Pokemon",
          "fields": {
            "id": {
              "name": "id",
              "isArray": false,
              "type": "ID",
              "isRequired": true,
              "attributes": []
            },
            "pokemonId": {
              "name": "pokemonId",
              "isArray": false,
              "type": "String",
              "isRequired": true,
              "attributes": []
            },
            "dexNr": {
              "name": "dexNr",
              "isArray": false,
              "type": "Int",
              "isRequired": false,
              "attributes": []
            },
            "region": {
              "name": "region",
              "isArray": false,
              "type": "String",
              "isRequired": false,
              "attributes": []
            },
            "types": {
              "name": "types",
              "isArray": true,
              "type": "String",
              "isRequired": false,
              "attributes": [],
              "isArrayNullable": true
            },
            "stats": {
              "name": "stats",
              "isArray": false,
              "type": "AWSJSON",
              "isRequired": false,
              "attributes": []
            },
            "forms": {
              "name": "forms",
              "isArray": false,
              "type": "AWSJSON",
              "isRequired": false,
              "attributes": []
            },
            "createdAt": {
              "name": "createdAt",
              "isArray": false,
              "type": "AWSDateTime",
              "isRequired": false,
              "attributes": [],
              "isReadOnly": true
            },
            "updatedAt": {
              "name": "updatedAt",
              "isArray": false,
              "type": "AWSDateTime",
              "isRequired": false,
              "attributes": [],
              "isReadOnly": true
            }
          },
          "syncable": true,
          "pluralName": "Pokemon",
          "attributes": [
            {
              "type": "model",
              "properties": {}
            },
            {
              "type": "key",
              "properties": {
                "name": "pokemonByPokemonId",
                "queryField": "listPokemonByPokemonId",
                "fields": [
                  "pokemonId"
                ]
              }
            },
            {
              "type": "key",
              "properties": {
                "name": "pokemonByDexNr",
                "queryField": "listPokemonByDexNr",
                "fields": [
                  "dexNr"
                ]
              }
            },
            {
              "type": "key",
              "properties": {
                "name": "pokemonByRegion",
                "queryField": "listPokemonByRegion",
                "fields": [
                  "region"
                ]
              }
            },
            {
              "type": "auth",
              "properties": {
                "rules": [
                  {
                    "allow": "public",
                    "provider": "apiKey",
                    "operations": [
                      "create",
                      "update",
                      "delete",
                      "read"
                    ]
                  }
                ]
              }
            }
          ],
          "primaryKeyInfo": {
            "isCustomPrimaryKey": false,
            "primaryKeyFieldName": "id",
            "sortKeyFieldNames": []
          }
        }
      },
      "enums": {},
      "nonModels": {
        "PogoEventPayment": {
          "name": "PogoEventPayment",
          "fields": {
            "type": {
              "name": "type",
              "isArray": false,
              "type": "String",
              "isRequired": false,
              "attributes": []
            },
            "cost": {
              "name": "cost",
              "isArray": false,
              "type": "String",
              "isRequired": false,
              "attributes": []
            },
            "ticketCost": {
              "name": "ticketCost",
              "isArray": false,
              "type": "String",
              "isRequired": false,
              "attributes": []
            },
            "ticketBonuses": {
              "name": "ticketBonuses",
              "isArray": true,
              "type": "String",
              "isRequired": false,
              "attributes": [],
              "isArrayNullable": true
            }
          }
        },
        "PogoEventFeatured": {
          "name": "PogoEventFeatured",
          "fields": {
            "name": {
              "name": "name",
              "isArray": false,
              "type": "String",
              "isRequired": false,
              "attributes": []
            },
            "image": {
              "name": "image",
              "isArray": false,
              "type": "String",
              "isRequired": false,
              "attributes": []
            }
          }
        },
        "PogoEventPaidResearch": {
          "name": "PogoEventPaidResearch",
          "fields": {
            "name": {
              "name": "name",
              "isArray": false,
              "type": "String",
              "isRequired": false,
              "attributes": []
            },
            "cost": {
              "name": "cost",
              "isArray": false,
              "type": "String",
              "isRequired": false,
              "attributes": []
            },
            "details": {
              "name": "details",
              "isArray": false,
              "type": "String",
              "isRequired": false,
              "attributes": []
            }
          }
        }
      }
    }
  },
  "version": "1.4"
}